antecedents,consequents,antecedent support,consequent support,support,confidence,lift,representativity,leverage,conviction,zhangs_metric,jaccard,certainty,kulczynski
frozenset({'100% Whole Wheat Bread'}),frozenset({'Banana'}),0.02645,0.2043,0.00645,0.2438563327032136,1.1936188580676144,1.0,0.0010462649999999993,1.0523132499999999,0.16661869231880913,0.028756130182790905,0.04971262121806409,0.13771377574955102
frozenset({'Banana'}),frozenset({'100% Whole Wheat Bread'}),0.2043,0.02645,0.00645,0.031571218795888395,1.1936188580676141,1.0,0.0010462649999999993,1.005288172858226,0.20386028390973565,0.028756130182790905,0.005260355190681931,0.13771377574955102
frozenset({'Bag of Organic Bananas'}),frozenset({'Apple Honeycrisp Organic'}),0.16505,0.03625,0.0096,0.05816419266888821,1.6045294529348473,1.0,0.0036169374999999995,1.023267529752332,0.4512417784498074,0.05007824726134585,0.022738461913243285,0.1614958894378924
frozenset({'Apple Honeycrisp Organic'}),frozenset({'Bag of Organic Bananas'}),0.03625,0.16505,0.0096,0.26482758620689656,1.6045294529348473,1.0,0.0036169374999999995,1.135719981238274,0.3909357436230004,0.05007824726134585,0.11950127098256969,0.1614958894378924
frozenset({'Banana'}),frozenset({'Apple Honeycrisp Organic'}),0.2043,0.03625,0.00765,0.037444933920704845,1.0329636943642717,1.0,0.00024412499999999955,1.001241418764302,0.04010527171783624,0.03284671532846715,0.0012398795545575593,0.12423970833966277
frozenset({'Apple Honeycrisp Organic'}),frozenset({'Banana'}),0.03625,0.2043,0.00765,0.2110344827586207,1.0329636943642715,1.0,0.00024412499999999955,1.0085358391608392,0.03311207751583117,0.03284671532846715,0.008463595272867514,0.12423970833966277
frozenset({'Organic Baby Spinach'}),frozenset({'Apple Honeycrisp Organic'}),0.10275,0.03625,0.005,0.04866180048661801,1.3423944961825658,1.0,0.0012753125000000004,1.013046675191816,0.2842713847868488,0.0373134328358209,0.012878651607385744,0.09329641748468832
frozenset({'Apple Honeycrisp Organic'}),frozenset({'Organic Baby Spinach'}),0.03625,0.10275,0.005,0.13793103448275865,1.342394496182566,1.0,0.0012753125000000004,1.04081,0.26465629053177697,0.0373134328358209,0.039209846177496406,0.09329641748468832
frozenset({'Organic Hass Avocado'}),frozenset({'Apple Honeycrisp Organic'}),0.0919,0.03625,0.00625,0.06800870511425464,1.876102210048404,1.0,0.0029186250000000006,1.0340761821366025,0.5142385199867857,0.051271534044298614,0.03295326081894126,0.12021124910885146
frozenset({'Apple Honeycrisp Organic'}),frozenset({'Organic Hass Avocado'}),0.03625,0.0919,0.00625,0.1724137931034483,1.8761022100484037,1.0,0.0029186250000000006,1.0972875,0.48454474708171213,0.051271534044298614,0.08866181379082512,0.12021124910885146
frozenset({'Organic Strawberries'}),frozenset({'Apple Honeycrisp Organic'}),0.1097,0.03625,0.00665,0.06061987237921604,1.6722723414956149,1.0,0.0026733749999999995,1.0259425036390102,0.45154585891889104,0.04773869346733668,0.025286508305282535,0.1220340741206425
frozenset({'Apple Honeycrisp Organic'}),frozenset({'Organic Strawberries'}),0.03625,0.1097,0.00665,0.18344827586206897,1.6722723414956149,1.0,0.0026733749999999995,1.090316722972973,0.4171323249758637,0.04773869346733668,0.0828353092913276,0.1220340741206425
frozenset({'Asparagus'}),frozenset({'Banana'}),0.02745,0.2043,0.00565,0.2058287795992714,1.0074830132122927,1.0,4.196499999999971e-05,1.001925,0.007637071233683135,0.024988942945599286,0.0019213014946228358,0.11674209415597442
frozenset({'Banana'}),frozenset({'Asparagus'}),0.2043,0.02745,0.00565,0.027655408712677434,1.0074830132122927,1.0,4.196499999999971e-05,1.0002112509438712,0.009334464783610072,0.024988942945599286,0.00021120632633534018,0.11674209415597442
frozenset({'Bag of Organic Bananas'}),frozenset({'Fresh Cauliflower'}),0.16505,0.02875,0.0063,0.03817025143895789,1.3276609196159266,1.0,0.0015548124999999998,1.009794094488189,0.2955813341165757,0.0336,0.009699100580651626,0.1286503431107833
frozenset({'Fresh Cauliflower'}),frozenset({'Bag of Organic Bananas'}),0.02875,0.16505,0.0063,0.21913043478260869,1.3276609196159266,1.0,0.0015548124999999998,1.0692566815144764,0.2541010398153255,0.0336,0.06477086625858876,0.1286503431107833
frozenset({'Bag of Organic Bananas'}),frozenset({'Michigan Organic Kale'}),0.16505,0.0289,0.00545,0.033020296879733416,1.1425708262883536,1.0,0.0006800549999999997,1.0042609962406015,0.14944695364387578,0.028912466843501326,0.004242917186420983,0.11080080587931307
frozenset({'Michigan Organic Kale'}),frozenset({'Bag of Organic Bananas'}),0.0289,0.16505,0.00545,0.18858131487889274,1.1425708262883534,1.0,0.0006800549999999997,1.029000213219616,0.1284942168107858,0.028912466843501326,0.028182903022807036,0.11080080587931307
frozenset({'Bag of Organic Bananas'}),frozenset({'Organic Baby Arugula'}),0.16505,0.03055,0.0051,0.030899727355346865,1.0114477039393408,1.0,5.772250000000024e-05,1.0003608783995,0.013555467099708974,0.02677165354330709,0.00036074821326201876,0.09891958544526755
frozenset({'Organic Baby Arugula'}),frozenset({'Bag of Organic Bananas'}),0.03055,0.16505,0.0051,0.16693944353518822,1.0114477039393408,1.0,5.772250000000024e-05,1.0022680746561885,0.011674802470371868,0.02677165354330709,0.0022629421344849605,0.09891958544526755
frozenset({'Bag of Organic Bananas'}),frozenset({'Organic Baby Carrots'}),0.16505,0.03355,0.0074,0.04483489851560134,1.3363606114933333,1.0,0.0018625724999999996,1.0118146051379637,0.3014539630953787,0.038702928870292884,0.011676650127374757,0.132700608721288
frozenset({'Organic Baby Carrots'}),frozenset({'Bag of Organic Bananas'}),0.03355,0.16505,0.0074,0.22056631892697465,1.3363606114933333,1.0,0.0018625724999999996,1.071226481835564,0.26043663561124364,0.038702928870292884,0.06649059096589574,0.132700608721288
frozenset({'Organic Baby Spinach'}),frozenset({'Bag of Organic Bananas'}),0.10275,0.16505,0.02235,0.21751824817518248,1.3178930516521203,1.0,0.0053911125,1.0670536380597015,0.26883598467352704,0.0910572418007741,0.06283998823304686,0.1764658796162189
frozenset({'Bag of Organic Bananas'}),frozenset({'Organic Baby Spinach'}),0.16505,0.10275,0.02235,0.13541351105725535,1.3178930516521203,1.0,0.0053911125,1.0377793447792572,0.2888952479170276,0.0910572418007741,0.03640402458317677,0.1764658796162189
frozenset({'Organic Bartlett Pear'}),frozenset({'Bag of Organic Bananas'}),0.0167,0.16505,0.00505,0.3023952095808383,1.8321430450217409,1.0,0.002293665,1.1968811158798283,0.46190490095485703,0.028579513299377475,0.1644951309429766,0.1664959992163507
frozenset({'Bag of Organic Bananas'}),frozenset({'Organic Bartlett Pear'}),0.16505,0.0167,0.00505,0.03059678885186307,1.8321430450217406,1.0,0.002293665,1.01433540625,0.5439739973757841,0.028579513299377475,0.014132806724156484,0.1664959992163507
frozenset({'Bag of Organic Bananas'}),frozenset({'Organic Blackberries'}),0.16505,0.0277,0.00545,0.033020296879733416,1.1920684794127587,1.0,0.0008781150000000005,1.0055019736842106,0.19297205622926397,0.029097704217832355,0.005471867612602506,0.11488559970340462
frozenset({'Organic Blackberries'}),frozenset({'Bag of Organic Bananas'}),0.0277,0.16505,0.00545,0.19675090252707583,1.1920684794127587,1.0,0.0008781150000000005,1.0394658426966292,0.16571224760734746,0.029097704217832355,0.03796742622561331,0.11488559970340462
frozenset({'Bag of Organic Bananas'}),frozenset({'Organic Blueberries'}),0.16505,0.04195,0.00935,0.05664950015146925,1.3504052479492075,1.0,0.0024261525000000006,1.015582225433526,0.31077495754492973,0.04730584366304073,0.015343145087906948,0.139766943162743
frozenset({'Organic Blueberries'}),frozenset({'Bag of Organic Bananas'}),0.04195,0.16505,0.00935,0.2228843861740167,1.3504052479492075,1.0,0.0024261525000000006,1.0744218558282208,0.27084343280845374,0.04730584366304073,0.06926688565065778,0.139766943162743
frozenset({'Bag of Organic Bananas'}),frozenset({'Organic Cilantro'}),0.16505,0.029,0.00645,0.03907906694940927,1.3475540327382507,1.0,0.0016635499999999998,1.0104889659520806,0.30889841150029407,0.034381663113006396,0.010380089546250533,0.13074643002642877
frozenset({'Organic Cilantro'}),frozenset({'Bag of Organic Bananas'}),0.029,0.16505,0.00645,0.22241379310344828,1.3475540327382507,1.0,0.0016635499999999998,1.073771618625277,0.2656176402494032,0.034381663113006396,0.06870326738541023,0.13074643002642877
frozenset({'Bag of Organic Bananas'}),frozenset({'Organic Cucumber'}),0.16505,0.03295,0.0093,0.05634656164798545,1.7100625689828666,1.0,0.0038616024999999993,1.024793595505618,0.4973065156821572,0.049284578696343395,0.02419374556433013,0.1692961943293038
frozenset({'Organic Cucumber'}),frozenset({'Bag of Organic Bananas'}),0.03295,0.16505,0.0093,0.2822458270106221,1.7100625689828666,1.0,0.0038616024999999993,1.1632812896405917,0.42937394681641816,0.049284578696343395,0.14036268879648137,0.1692961943293038
frozenset({'Bag of Organic Bananas'}),"frozenset({""Organic D'Anjou Pears""})",0.16505,0.0214,0.0061,0.036958497425022725,1.727032589954333,1.0,0.0025679300000000004,1.0161555835168292,0.5041884318193198,0.03382312170779041,0.015898730252424612,0.16100261319849268
"frozenset({""Organic D'Anjou Pears""})",frozenset({'Bag of Organic Bananas'}),0.0214,0.16505,0.0061,0.28504672897196265,1.7270325899543328,1.0,0.0025679300000000004,1.1678385620915033,0.43017793904306256,0.03382312170779041,0.14371726327560053,0.16100261319849268
frozenset({'Bag of Organic Bananas'}),frozenset({'Organic Gala Apples'}),0.16505,0.03295,0.00925,0.05604362314450166,1.7008686842033889,1.0,0.0038116024999999996,1.0244647143774068,0.4935207319421943,0.04900662251655629,0.023880485129519322,0.1683859997361355
frozenset({'Organic Gala Apples'}),frozenset({'Bag of Organic Bananas'}),0.03295,0.16505,0.00925,0.2807283763277693,1.7008686842033887,1.0,0.0038116024999999996,1.1608271097046412,0.4261053049326665,0.04900662251655629,0.13854527376222447,0.1683859997361355
frozenset({'Organic Garlic'}),frozenset({'Bag of Organic Bananas'}),0.04665,0.16505,0.00975,0.20900321543408362,1.2663024261380407,1.0,0.0020504175000000003,1.055566869918699,0.2205897422449581,0.04827927704877445,0.05264173355779822,0.1340381118067116
frozenset({'Bag of Organic Bananas'}),frozenset({'Organic Garlic'}),0.16505,0.04665,0.00975,0.059073008179339595,1.2663024261380407,1.0,0.0020504175000000003,1.0132029459111398,0.2518704482534653,0.04827927704877445,0.013030899647914825,0.1340381118067116
frozenset({'Bag of Organic Bananas'}),frozenset({'Organic Garnet Sweet Potato (Yam)'}),0.16505,0.02405,0.00545,0.033020296879733416,1.3729853172446327,1.0,0.0014805475000000002,1.0092766134085214,0.3253609099264858,0.029676014157364556,0.009191348818826188,0.12981576174548
frozenset({'Organic Garnet Sweet Potato (Yam)'}),frozenset({'Bag of Organic Bananas'}),0.02405,0.16505,0.00545,0.22661122661122662,1.3729853172446327,1.0,0.0014805475000000002,1.079599327956989,0.2783545178985802,0.029676014157364556,0.07373043488978577,0.12981576174548
frozenset({'Organic Ginger Root'}),frozenset({'Bag of Organic Bananas'}),0.0221,0.16505,0.00535,0.24208144796380088,1.4667158313468698,1.0,0.0017023949999999993,1.1016355223880596,0.3253959227908745,0.029427942794279422,0.09225875557075379,0.13724793391828335
frozenset({'Bag of Organic Bananas'}),frozenset({'Organic Ginger Root'}),0.16505,0.0221,0.00535,0.032414419872765825,1.4667158313468698,1.0,0.0017023949999999993,1.0106599561678147,0.3811062613296559,0.029427942794279422,0.010547520066229495,0.13724793391828335
frozenset({'Bag of Organic Bananas'}),frozenset({'Organic Granny Smith Apple'}),0.16505,0.0253,0.0063,0.03817025143895789,1.508705590472644,1.0,0.0021242350000000004,1.0133810078740157,0.40383275493162324,0.03422982885085575,0.013204320754034979,0.1435910545732339
frozenset({'Organic Granny Smith Apple'}),frozenset({'Bag of Organic Bananas'}),0.0253,0.16505,0.0063,0.2490118577075099,1.5087055904726439,1.0,0.0021242350000000004,1.1118018421052631,0.3459322445164243,0.03422982885085575,0.10055914450866506,0.1435910545732339
frozenset({'Organic Grape Tomatoes'}),frozenset({'Bag of Organic Bananas'}),0.0343,0.16505,0.0059,0.17201166180758018,1.0421791081949723,1.0,0.00023878500000000004,1.0084079225352112,0.04190953080491363,0.030498836908761952,0.008337818800623004,0.10387920260933386
frozenset({'Bag of Organic Bananas'}),frozenset({'Organic Grape Tomatoes'}),0.16505,0.0343,0.0059,0.03574674341108755,1.0421791081949725,1.0,0.00023878500000000004,1.0015003770028275,0.048472404213791356,0.030498836908761952,0.0014981292441623207,0.10387920260933386
frozenset({'Bag of Organic Bananas'}),frozenset({'Organic Half & Half'}),0.16505,0.0337,0.0059,0.03574674341108755,1.0607342258482952,1.0,0.000337815,1.0021226201696514,0.06857509989941547,0.0305937256935442,0.002118124196509934,0.10541046369367434
frozenset({'Organic Half & Half'}),frozenset({'Bag of Organic Bananas'}),0.0337,0.16505,0.0059,0.17507418397626112,1.0607342258482952,1.0,0.000337815,1.012151618705036,0.059253626887112644,0.0305937256935442,0.012005729655980742,0.10541046369367434
frozenset({'Organic Hass Avocado'}),frozenset({'Bag of Organic Bananas'}),0.0919,0.16505,0.0261,0.28400435255712736,1.7207170709307928,1.0,0.010931905000000002,1.1661383738601825,0.4612343738199542,0.11306042884990254,0.14246883353150172,0.2210691256878336
frozenset({'Bag of Organic Bananas'}),frozenset({'Organic Hass Avocado'}),0.16505,0.0919,0.0261,0.15813389881853984,1.7207170709307926,1.0,0.010931905000000002,1.0786750989564593,0.5016431341588125,0.11306042884990254,0.07293678980127723,0.2210691256878336
frozenset({'Bag of Organic Bananas'}),frozenset({'Organic Kiwi'}),0.16505,0.0214,0.0066,0.039987882459860645,1.8685926383112452,1.0,0.00306793,1.0193621331650362,0.5567254072553791,0.03669724770642201,0.018994361802432705,0.17419954870656584
frozenset({'Organic Kiwi'}),frozenset({'Bag of Organic Bananas'}),0.0214,0.16505,0.0066,0.30841121495327106,1.8685926383112454,1.0,0.00306793,1.2072925675675676,0.47500294174113916,0.03669724770642201,0.17170035924698612,0.17419954870656584
frozenset({'Bag of Organic Bananas'}),frozenset({'Organic Large Extra Fancy Fuji Apple'}),0.16505,0.03185,0.0106,0.06422296273856407,2.0164195522312105,1.0,0.005343157499999999,1.0345947393978634,0.6037145484929048,0.056897477187332256,0.03343796182261433,0.19851650491716272
frozenset({'Organic Large Extra Fancy Fuji Apple'}),frozenset({'Bag of Organic Bananas'}),0.03185,0.16505,0.0106,0.33281004709576134,2.016419552231211,1.0,0.005343157499999999,1.2514427058823527,0.5206543017757072,0.056897477187332256,0.20092226731631996,0.19851650491716272
frozenset({'Bag of Organic Bananas'}),frozenset({'Organic Lemon'}),0.16505,0.03955,0.0106,0.06422296273856407,1.623842294274692,1.0,0.0040722725,1.0263662835869214,0.4601193495938634,0.05463917525773196,0.02568896115213084,0.166119066704301
frozenset({'Organic Lemon'}),frozenset({'Bag of Organic Bananas'}),0.03955,0.16505,0.0106,0.26801517067003794,1.6238422942746922,1.0,0.0040722725,1.1406657167530225,0.3999965130338864,0.05463917525773196,0.12331896600998615,0.166119066704301
frozenset({'Organic Navel Orange'}),frozenset({'Bag of Organic Bananas'}),0.0178,0.16505,0.0063,0.35393258426966295,2.1443961482560616,1.0,0.00336211,1.292357391304348,0.5433397006396395,0.0356839422259983,0.22622023386988796,0.19605141785431043
frozenset({'Bag of Organic Bananas'}),frozenset({'Organic Navel Orange'}),0.16505,0.0178,0.0063,0.03817025143895789,2.1443961482560616,1.0,0.00336211,1.0211786456692913,0.6391619306165088,0.0356839422259983,0.020739412990183153,0.19605141785431043
frozenset({'Bag of Organic Bananas'}),frozenset({'Organic Raspberries'}),0.16505,0.05995,0.0184,0.11148136928203574,1.859572465088169,1.0,0.0085052525,1.057996948516877,0.5536163646872893,0.08906098741529525,0.05481768978462394,0.20920190232241903
frozenset({'Organic Raspberries'}),frozenset({'Bag of Organic Bananas'}),0.05995,0.16505,0.0184,0.30692243536280234,1.8595724650881693,1.0,0.0085052525,1.2046992178098677,0.4917206358126186,0.08906098741529525,0.16991728290652416,0.20920190232241903
frozenset({'Organic Red Bell Pepper'}),frozenset({'Bag of Organic Bananas'}),0.0254,0.16505,0.00575,0.22637795275590553,1.3715719645919753,1.0,0.0015577300000000002,1.0792737913486006,0.27797000330124294,0.031131564699512723,0.07345104827343617,0.13060794032827083
frozenset({'Bag of Organic Bananas'}),frozenset({'Organic Red Bell Pepper'}),0.16505,0.0254,0.00575,0.03483792790063617,1.371571964591975,1.0,0.0015577300000000002,1.0097785938480854,0.3244620219383093,0.031131564699512723,0.009683898933548296,0.13060794032827083
frozenset({'Bag of Organic Bananas'}),frozenset({'Organic Red Onion'}),0.16505,0.02595,0.00535,0.032414419872765825,1.2491105923994537,1.0,0.0010669524999999992,1.0066809799624294,0.23885307363527827,0.028817667654187987,0.00663664069890234,0.11929006157414784
frozenset({'Organic Red Onion'}),frozenset({'Bag of Organic Bananas'}),0.02595,0.16505,0.00535,0.20616570327552985,1.2491105923994539,1.0,0.0010669524999999992,1.0517938106796116,0.20474346679510863,0.028817667654187987,0.04924331190553908,0.11929006157414784
frozenset({'Organic Small Bunch Celery'}),frozenset({'Bag of Organic Bananas'}),0.02845,0.16505,0.00655,0.23022847100175747,1.394901369292684,1.0,0.0018543275,1.084672488584475,0.29139358253770137,0.0350361059106713,0.0780627235184831,0.13495670747906716
frozenset({'Bag of Organic Bananas'}),frozenset({'Organic Small Bunch Celery'}),0.16505,0.02845,0.00655,0.03968494395637686,1.394901369292684,1.0,0.0018543275,1.0116992271293377,0.33906633345051057,0.0350361059106713,0.01156393799225656,0.13495670747906716
frozenset({'Bag of Organic Bananas'}),frozenset({'Organic Strawberries'}),0.16505,0.1097,0.0256,0.1551045137837019,1.413897117444867,1.0,0.007494015,1.0537397992111868,0.350601785660818,0.10274934778246038,0.050999116908572284,0.19423411650898859
frozenset({'Organic Strawberries'}),frozenset({'Bag of Organic Bananas'}),0.1097,0.16505,0.0256,0.2333637192342753,1.413897117444867,1.0,0.007494015,1.0891083828775265,0.3288048533499943,0.10274934778246038,0.08181773667198669,0.19423411650898859
frozenset({'Organic Tomato Cluster'}),frozenset({'Bag of Organic Bananas'}),0.0273,0.16505,0.00695,0.25457875457875456,1.5424341386171134,1.0,0.002444134999999999,1.120104914004914,0.3615442589898472,0.03748651564185545,0.10722648611144926,0.14834360328150087
frozenset({'Bag of Organic Bananas'}),frozenset({'Organic Tomato Cluster'}),0.16505,0.0273,0.00695,0.042108451984247196,1.5424341386171134,1.0,0.002444134999999999,1.0154594244149273,0.4211918087543259,0.03748651564185545,0.015224069069854214,0.14834360328150087
frozenset({'Bag of Organic Bananas'}),frozenset({'Organic Whole Milk'}),0.16505,0.0569,0.0111,0.067252347773402,1.181939328179297,1.0,0.001708655,1.0110987658330626,0.18436179757216944,0.052644059758121885,0.010976935397520942,0.13116571694469747
frozenset({'Organic Whole Milk'}),frozenset({'Bag of Organic Bananas'}),0.0569,0.16505,0.0111,0.19507908611599298,1.181939328179297,1.0,0.001708655,1.0373068777292576,0.16322010696944425,0.052644059758121885,0.035965130985080515,0.13116571694469747
frozenset({'Organic Whole String Cheese'}),frozenset({'Bag of Organic Bananas'}),0.02655,0.16505,0.0066,0.2485875706214689,1.5061349325747888,1.0,0.0022179224999999995,1.111174060150376,0.3452143033914054,0.03567567567567568,0.1000509858332462,0.14428772654066477
frozenset({'Bag of Organic Bananas'}),frozenset({'Organic Whole String Cheese'}),0.16505,0.02655,0.0066,0.039987882459860645,1.5061349325747888,1.0,0.0022179224999999995,1.013997617544967,0.4024778293746495,0.03567567567567568,0.01380438898747819,0.14428772654066477
frozenset({'Organic Yellow Onion'}),frozenset({'Bag of Organic Bananas'}),0.04745,0.16505,0.01055,0.22233930453108536,1.3471027236054853,1.0,0.0027183775000000007,1.0736687669376692,0.27050140543181556,0.05224065362713543,0.06861405417220834,0.14312966438308283
frozenset({'Bag of Organic Bananas'}),frozenset({'Organic Yellow Onion'}),0.16505,0.04745,0.01055,0.06392002423508028,1.3471027236054853,1.0,0.0027183775000000007,1.0175946763754045,0.30860065122950586,0.05224065362713543,0.017290456390824924,0.14312966438308283
frozenset({'Bag of Organic Bananas'}),frozenset({'Organic Zucchini'}),0.16505,0.04185,0.00945,0.057255377158436836,1.3681093705719676,1.0,0.0025426575,1.0163409865038562,0.3222519740275295,0.047860217776652315,0.016078252004839363,0.14153091438567003
frozenset({'Organic Zucchini'}),frozenset({'Bag of Organic Bananas'}),0.04185,0.16505,0.00945,0.22580645161290325,1.3681093705719676,1.0,0.0025426575,1.0784770833333333,0.28081645432790864,0.047860217776652315,0.0727665747804099,0.14153091438567003
frozenset({'Bag of Organic Bananas'}),frozenset({'Original Hummus'}),0.16505,0.0317,0.0059,0.03574674341108755,1.127657520854497,1.0,0.0006679149999999998,1.0041967640590639,0.13558408551816253,0.030914330626146184,0.0041792248384669535,0.11093330861406113
frozenset({'Original Hummus'}),frozenset({'Bag of Organic Bananas'}),0.0317,0.16505,0.0059,0.1861198738170347,1.1276575208544968,1.0,0.0006679149999999998,1.0258881782945735,0.11691204399813053,0.030914330626146184,0.025234892888238467,0.11093330861406113
frozenset({'Bag of Organic Bananas'}),frozenset({'Seedless Red Grapes'}),0.16505,0.03435,0.0065,0.03938200545289306,1.146492152922651,1.0,0.0008305324999999999,1.0052383002207506,0.15303219446581323,0.033696215655780196,0.005211003420383226,0.1143052676463883
frozenset({'Seedless Red Grapes'}),frozenset({'Bag of Organic Bananas'}),0.03435,0.16505,0.0065,0.18922852983988356,1.146492152922651,1.0,0.0008305324999999999,1.0298216337522441,0.1323194022360387,0.033696215655780196,0.02895805717693701,0.1143052676463883
frozenset({'Bag of Organic Bananas'}),frozenset({'Unsweetened Almondmilk'}),0.16505,0.0196,0.00505,0.03059678885186307,1.5610606557072995,1.0,0.0018150199999999997,1.0113438750000001,0.4304567950058075,0.028118040089086856,0.011216634895821165,0.14412492503817642
frozenset({'Unsweetened Almondmilk'}),frozenset({'Bag of Organic Bananas'}),0.0196,0.16505,0.00505,0.2576530612244898,1.5610606557072995,1.0,0.0018150199999999997,1.124743642611684,0.3665951662485709,0.028118040089086856,0.11090851095812897,0.14412492503817642
frozenset({'Bartlett Pears'}),frozenset({'Banana'}),0.01725,0.2043,0.00685,0.3971014492753623,1.9437173239126886,1.0,0.0033258249999999997,1.3197908653846153,0.49404415956267506,0.03190498369818351,0.24230419665120306,0.2153152865564281
frozenset({'Banana'}),frozenset({'Bartlett Pears'}),0.2043,0.01725,0.00685,0.03352912383749388,1.9437173239126886,1.0,0.0033258249999999997,1.0168438845277286,0.6101821010559494,0.03190498369818351,0.016564867807167517,0.2153152865564281
frozenset({'Blueberries'}),frozenset({'Banana'}),0.0254,0.2043,0.0075,0.2952755905511811,1.4453039185079837,1.0,0.00231078,1.1290938547486031,0.3161337984814283,0.03375337533753375,0.11433403361968213,0.16599315504064194
frozenset({'Banana'}),frozenset({'Blueberries'}),0.2043,0.0254,0.0075,0.036710719530102784,1.4453039185079837,1.0,0.00231078,1.0117417682926828,0.3872112605253237,0.03375337533753375,0.011605499210037744,0.16599315504064194
frozenset({'Boneless Skinless Chicken Breasts'}),frozenset({'Banana'}),0.02255,0.2043,0.0067,0.29711751662971175,1.4543197093965332,1.0,0.002093035,1.1320526813880125,0.31960026966298993,0.030433795139677495,0.11664888353614647,0.1649562130383018
frozenset({'Banana'}),frozenset({'Boneless Skinless Chicken Breasts'}),0.2043,0.02255,0.0067,0.032794909446891826,1.4543197093965332,1.0,0.002093035,1.010592282388664,0.3926018393641945,0.030433795139677495,0.010481261902799964,0.1649562130383018
frozenset({'Broccoli Crown'}),frozenset({'Banana'}),0.01635,0.2043,0.00505,0.308868501529052,1.5118379908421535,1.0,0.0017096949999999998,1.151300442477876,0.3441808217826815,0.023423005565862708,0.13141699325003392,0.1667935263396606
frozenset({'Banana'}),frozenset({'Broccoli Crown'}),0.2043,0.01635,0.00505,0.02471855115026921,1.5118379908421535,1.0,0.0017096949999999998,1.0085806524466752,0.4254787801263474,0.023423005565862708,0.0085076512481769,0.1667935263396606
frozenset({'Bunched Cilantro'}),frozenset({'Banana'}),0.01975,0.2043,0.005,0.25316455696202533,1.2391804060794191,1.0,0.0009650750000000001,1.065428813559322,0.1969038510584035,0.022825838849577722,0.06141077914041137,0.13881918499104692
frozenset({'Banana'}),frozenset({'Bunched Cilantro'}),0.2043,0.01975,0.005,0.024473813020068527,1.2391804060794191,1.0,0.0009650750000000001,1.0048423231309584,0.2425725776046249,0.022825838849577722,0.004818988033734789,0.13881918499104692
frozenset({'Banana'}),frozenset({'Carrots'}),0.2043,0.0313,0.007,0.034263338228095935,1.0946753427506688,1.0,0.0006054099999999998,1.0030684744044602,0.1086931542756602,0.03062117235345582,0.0030590876722369504,0.1289527553760288
frozenset({'Carrots'}),frozenset({'Banana'}),0.0313,0.2043,0.007,0.22364217252396165,1.0946753427506688,1.0,0.0006054099999999998,1.0249139917695473,0.0892816587768585,0.03062117235345582,0.024308373160690767,0.1289527553760288
"frozenset({'Clementines, Bag'})",frozenset({'Banana'}),0.0168,0.2043,0.00575,0.34226190476190477,1.6752907722070718,1.0,0.00231776,1.209752036199095,0.40997629744932257,0.02670071975853262,0.17338432168141857,0.1852033948674918
frozenset({'Banana'}),"frozenset({'Clementines, Bag'})",0.2043,0.0168,0.00575,0.028144884973078804,1.6752907722070718,1.0,0.00231776,1.0116734323847896,0.5065837572604925,0.02670071975853262,0.011538735733399924,0.1852033948674918
frozenset({'Banana'}),frozenset({'Cucumber Kirby'}),0.2043,0.04235,0.01425,0.0697503671071953,1.6469980426728525,1.0,0.005597895,1.0294548539857933,0.49369704265691255,0.061316695352839935,0.028612089079721507,0.20311603361262953
frozenset({'Cucumber Kirby'}),frozenset({'Banana'}),0.04235,0.2043,0.01425,0.3364817001180638,1.6469980426728525,1.0,0.005597895,1.1992133451957294,0.4102070034376915,0.061316695352839935,0.16612002025645817,0.20311603361262953
frozenset({'Half & Half'}),frozenset({'Banana'}),0.03015,0.2043,0.00705,0.23383084577114427,1.1445464795454932,1.0,0.0008903549999999998,1.0385435064935065,0.13021754844739095,0.031002638522427437,0.037113039802870756,0.13416946106472044
frozenset({'Banana'}),frozenset({'Half & Half'}),0.2043,0.03015,0.00705,0.03450807635829662,1.1445464795454932,1.0,0.0008903549999999998,1.0045138403041824,0.1587174680931282,0.031002638522427437,0.004493557105012755,0.13416946106472044
frozenset({'Honeycrisp Apple'}),frozenset({'Banana'}),0.0358,0.2043,0.01235,0.34497206703910616,1.6885563731723257,1.0,0.00503606,1.2147573560767588,0.42291862440554023,0.05422612513721185,0.17679033183248227,0.2027111925993377
frozenset({'Banana'}),frozenset({'Honeycrisp Apple'}),0.2043,0.0358,0.01235,0.060450318159569257,1.6885563731723257,1.0,0.00503606,1.0262363115394633,0.512477237214807,0.05422612513721185,0.025565565400922276,0.2027111925993377
frozenset({'Large Lemon'}),frozenset({'Banana'}),0.0633,0.2043,0.01635,0.25829383886255924,1.2642870233115968,1.0,0.0034178100000000003,1.072796805111821,0.223166827129793,0.06507462686567163,0.06785703011506754,0.16916160371909167
frozenset({'Banana'}),frozenset({'Large Lemon'}),0.2043,0.0633,0.01635,0.08002936857562408,1.264287023311597,1.0,0.0034178100000000003,1.018184676775738,0.2627125386106285,0.06507462686567163,0.017859900262222787,0.16916160371909167
frozenset({'Limes'}),frozenset({'Banana'}),0.05845,0.2043,0.01335,0.22840034217279725,1.1179654536113424,1.0,0.001408665,1.0312342572062083,0.11206837398766914,0.05352846832397754,0.030288226935776357,0.14687271146819011
frozenset({'Banana'}),frozenset({'Limes'}),0.2043,0.05845,0.01335,0.06534508076358296,1.1179654536113424,1.0,0.001408665,1.0073771406127259,0.13261025201469132,0.05352846832397754,0.007323116949267653,0.14687271146819011
frozenset({'Banana'}),frozenset({'Michigan Organic Kale'}),0.2043,0.0289,0.0061,0.029858051884483604,1.033150584238187,1.0,0.00019573000000000073,1.000987537840565,0.04032535534234229,0.026860413914575075,0.0009865635717059066,0.1204653581221726
frozenset({'Michigan Organic Kale'}),frozenset({'Banana'}),0.0289,0.2043,0.0061,0.2110726643598616,1.033150584238187,1.0,0.00019573000000000073,1.008584649122807,0.03304179306549455,0.026860413914575075,0.00851158019336634,0.1204653581221726
frozenset({'Organic Avocado'}),frozenset({'Banana'}),0.0752,0.2043,0.02255,0.29986702127659576,1.467777881921663,1.0,0.007186639999999999,1.1364983855650521,0.3446128940685443,0.08776026464292663,0.12010433740931978,0.2051219589985524
frozenset({'Banana'}),frozenset({'Organic Avocado'}),0.2043,0.0752,0.02255,0.11037689672050906,1.467777881921663,1.0,0.007186639999999999,1.039541348005502,0.4005253291876207,0.08776026464292663,0.03803730181715945,0.2051219589985524
frozenset({'Banana'}),frozenset({'Organic Baby Carrots'}),0.2043,0.03355,0.00745,0.036465981399902106,1.0869144977616125,1.0,0.0005957349999999991,1.0030263398526797,0.10049570130727817,0.03233506944444445,0.003017208753584875,0.12926130664629978
frozenset({'Organic Baby Carrots'}),frozenset({'Banana'}),0.03355,0.2043,0.00745,0.22205663189269745,1.0869144977616125,1.0,0.0005957349999999991,1.0228250957854406,0.08274036890703215,0.03233506944444445,0.02231573695198874,0.12926130664629978
frozenset({'Organic Baby Spinach'}),frozenset({'Banana'}),0.10275,0.2043,0.0226,0.21995133819951337,1.0766095849217492,1.0,0.0016081749999999999,1.0200645664379289,0.07930697781076396,0.07945157321146071,0.019669898453579696,0.16528648652511155
frozenset({'Banana'}),frozenset({'Organic Baby Spinach'}),0.2043,0.10275,0.0226,0.11062163485070974,1.0766095849217494,1.0,0.0016081749999999999,1.0088507154650523,0.08942841000466001,0.07945157321146071,0.008773067540495672,0.16528648652511155
frozenset({'Organic Blackberries'}),frozenset({'Banana'}),0.0277,0.2043,0.00615,0.2220216606498195,1.0867433218297577,1.0,0.0004908899999999999,1.0227791183294663,0.08209350220623463,0.02723046269647996,0.022271786665601992,0.1260622253322519
frozenset({'Banana'}),frozenset({'Organic Blackberries'}),0.2043,0.0277,0.00615,0.030102790014684286,1.0867433218297577,1.0,0.0004908899999999999,1.0024773656320969,0.10031357571336173,0.02723046269647996,0.002471243458484302,0.1260622253322519
frozenset({'Banana'}),"frozenset({""Organic D'Anjou Pears""})",0.2043,0.0214,0.0052,0.025452765540871267,1.189381567330433,1.0,0.0008279799999999999,1.0041586137619287,0.20010924101661814,0.023582766439909295,0.0041413913150125355,0.13422170987323936
"frozenset({""Organic D'Anjou Pears""})",frozenset({'Banana'}),0.0214,0.2043,0.0052,0.24299065420560748,1.189381567330433,1.0,0.0008279799999999999,1.0511098765432099,0.16270889339558867,0.023582766439909295,0.04862467538721562,0.13422170987323936
frozenset({'Organic Fuji Apple'}),frozenset({'Banana'}),0.03825,0.2043,0.0142,0.3712418300653595,1.8171406268495325,1.0,0.006385525000000001,1.265510395010395,0.4675693882557106,0.0621852419531421,0.20980498939972286,0.22037372952117706
frozenset({'Banana'}),frozenset({'Organic Fuji Apple'}),0.2043,0.03825,0.0142,0.06950562897699461,1.8171406268495323,1.0,0.006385525000000001,1.0335903471856918,0.5651437214464367,0.0621852419531421,0.032498704421101754,0.22037372952117706
frozenset({'Organic Gala Apples'}),frozenset({'Banana'}),0.03295,0.2043,0.0075,0.2276176024279211,1.1141341283794473,1.0,0.0007683149999999994,1.0301891944990176,0.10593247505299615,0.032644178454842215,0.029304514801961896,0.13216416097901193
frozenset({'Banana'}),frozenset({'Organic Gala Apples'}),0.2043,0.03295,0.0075,0.036710719530102784,1.1141341283794473,1.0,0.0007683149999999994,1.0039040396341463,0.12874450169661925,0.032644178454842215,0.0038888573808001487,0.13216416097901193
frozenset({'Banana'}),frozenset({'Organic Granny Smith Apple'}),0.2043,0.0253,0.0056,0.02741067058247675,1.0834257147224011,1.0,0.0004312099999999996,1.0021701560140917,0.0967723837052729,0.024999999999999998,0.002165456635351133,0.12437727205013166
frozenset({'Organic Granny Smith Apple'}),frozenset({'Banana'}),0.0253,0.2043,0.0056,0.22134387351778656,1.0834257147224011,1.0,0.0004312099999999996,1.0218888324873097,0.07900049832182789,0.024999999999999998,0.021419974258874642,0.12437727205013166
frozenset({'Organic Grape Tomatoes'}),frozenset({'Banana'}),0.0343,0.2043,0.00725,0.21137026239067058,1.034607255950419,1.0,0.00024251000000000047,1.0089652495378927,0.034637729286956465,0.031337799870326345,0.00888558802396704,0.12342864563488498
frozenset({'Banana'}),frozenset({'Organic Grape Tomatoes'}),0.2043,0.0343,0.00725,0.03548702887909937,1.034607255950419,1.0,0.00024251000000000047,1.0012307028672927,0.04203802334097506,0.031337799870326345,0.0012291900995126533,0.12342864563488498
frozenset({'Organic Peeled Whole Baby Carrots'}),frozenset({'Banana'}),0.0233,0.2043,0.0068,0.2918454935622317,1.4285144080383343,1.0,0.0020398099999999995,1.1236248484848483,0.30712814459253546,0.030797101449275357,0.11002324187788326,0.16256493963476246
frozenset({'Banana'}),frozenset({'Organic Peeled Whole Baby Carrots'}),0.2043,0.0233,0.0068,0.033284385707293196,1.4285144080383345,1.0,0.0020398099999999995,1.0103281518987342,0.37699140231686484,0.030797101449275357,0.010222571626183265,0.16256493963476246
frozenset({'Organic Strawberries'}),frozenset({'Banana'}),0.1097,0.2043,0.0239,0.2178669097538742,1.0664068025152922,1.0,0.0014882899999999998,1.0173460372960372,0.06994445480978861,0.08238538435022406,0.017050282460568306,0.1674258679949009
frozenset({'Banana'}),frozenset({'Organic Strawberries'}),0.2043,0.1097,0.0239,0.11698482623592756,1.0664068025152922,1.0,0.0014882899999999998,1.0082499445676274,0.07826008309306874,0.08238538435022406,0.008182439892089801,0.1674258679949009
frozenset({'Organic Whole Milk'}),frozenset({'Banana'}),0.0569,0.2043,0.01305,0.22934973637961337,1.1226125128713331,1.0,0.0014253300000000007,1.032504675028506,0.11581029546725952,0.05258915978238969,0.031481382907645294,0.1466131941809961
frozenset({'Banana'}),frozenset({'Organic Whole Milk'}),0.2043,0.0569,0.01305,0.06387665198237885,1.1226125128713331,1.0,0.0014253300000000007,1.007452705882353,0.1372636542103462,0.05258915978238969,0.007397573939538598,0.1466131941809961
frozenset({'Organic Whole String Cheese'}),frozenset({'Banana'}),0.02655,0.2043,0.0067,0.2523540489642185,1.2352131618415,1.0,0.0012758349999999995,1.0642738035264483,0.19561675928743966,0.029890698193174216,0.06039216911426225,0.14257447920555516
frozenset({'Banana'}),frozenset({'Organic Whole String Cheese'}),0.2043,0.02655,0.0067,0.032794909446891826,1.2352131618415,1.0,0.0012758349999999995,1.0064566548582996,0.23931523731099427,0.029890698193174216,0.006415233907126021,0.14257447920555516
frozenset({'Original Hummus'}),frozenset({'Banana'}),0.0317,0.2043,0.0088,0.27760252365930604,1.358798451587401,1.0,0.0023236900000000007,1.1014711790393013,0.27270028071690783,0.03873239436619718,0.09212331740518542,0.16033821728731332
frozenset({'Banana'}),frozenset({'Original Hummus'}),0.2043,0.0317,0.0088,0.04307391091532061,1.358798451587401,1.0,0.0023236900000000007,1.0118858823529413,0.33185331383458827,0.03873239436619718,0.011746267598183013,0.16033821728731332
frozenset({'Banana'}),frozenset({'Red Peppers'}),0.2043,0.0233,0.0064,0.03132648066568772,1.344484148741962,1.0,0.0016398100000000002,1.0082860535624052,0.32200617380922464,0.02893309222423146,0.008217959113021107,0.15300229612683527
frozenset({'Red Peppers'}),frozenset({'Banana'}),0.0233,0.2043,0.0064,0.27467811158798283,1.3444841487419619,1.0,0.0016398100000000002,1.0970301775147928,0.2623326635609706,0.02893309222423146,0.08844804774158957,0.15300229612683527
frozenset({'Red Vine Tomato'}),frozenset({'Banana'}),0.02235,0.2043,0.0063,0.2818791946308725,1.3797317407286955,1.0,0.001733895,1.1080308411214954,0.2815132497022744,0.02859087814840027,0.09749804528198129,0.15635809951807944
frozenset({'Banana'}),frozenset({'Red Vine Tomato'}),0.2043,0.02235,0.0063,0.030837004405286344,1.3797317407286955,1.0,0.001733895,1.0087570454545456,0.3458859225479811,0.02859087814840027,0.008681025321215513,0.15635809951807944
frozenset({'Banana'}),frozenset({'Seedless Red Grapes'}),0.2043,0.03435,0.01065,0.05212922173274596,1.5175901523361268,1.0,0.003632295,1.0187570100697134,0.42862958826226183,0.04671052631578947,0.018411662333915974,0.18108644492750836
frozenset({'Seedless Red Grapes'}),frozenset({'Banana'}),0.03435,0.2043,0.01065,0.31004366812227074,1.5175901523361268,1.0,0.003632295,1.1532613924050632,0.3531927337858248,0.04671052631578947,0.13289388981057024,0.18108644492750836
frozenset({'Small Hass Avocado'}),frozenset({'Banana'}),0.02135,0.2043,0.00625,0.2927400468384075,1.4328930339618575,1.0,0.0018881949999999996,1.1250460264900661,0.308701987431666,0.028486782133090246,0.11114747623276044,0.16166615655674657
frozenset({'Banana'}),frozenset({'Small Hass Avocado'}),0.2043,0.02135,0.00625,0.03059226627508566,1.4328930339618575,1.0,0.0018881949999999996,1.009533930825549,0.37967977881110965,0.028486782133090246,0.009443893399157674,0.16166615655674657
frozenset({'Sparkling Water Grapefruit'}),frozenset({'Banana'}),0.03325,0.2043,0.0072,0.21654135338345862,1.0599185187638698,1.0,0.00040702499999999923,1.0156247600767754,0.05847556245151269,0.03125678315606686,0.015384382786802323,0.12589182206617866
frozenset({'Banana'}),frozenset({'Sparkling Water Grapefruit'}),0.2043,0.03325,0.0072,0.035242290748898675,1.0599185187638698,1.0,0.00040702499999999923,1.0020650684931507,0.07104593439738582,0.03125678315606686,0.002060812773621591,0.12589182206617866
frozenset({'Banana'}),frozenset({'Strawberries'}),0.2043,0.0625,0.0178,0.08712677435144395,1.3940283896231032,1.0,0.005031249999999999,1.0269772117962466,0.3552274656051558,0.0714859437751004,0.026268559308206877,0.18596338717572197
frozenset({'Strawberries'}),frozenset({'Banana'}),0.0625,0.2043,0.0178,0.2848,1.3940283896231032,1.0,0.005031249999999999,1.1125559284116329,0.30149812734082393,0.0714859437751004,0.10116878220434836,0.18596338717572197
frozenset({'Yellow Onions'}),frozenset({'Banana'}),0.0307,0.2043,0.00875,0.28501628664495116,1.3950870614045576,1.0,0.0024779900000000002,1.1128924829157174,0.29216842787873426,0.038674033149171276,0.10144060153946355,0.16392272971503555
frozenset({'Banana'}),frozenset({'Yellow Onions'}),0.2043,0.0307,0.00875,0.042829172785119926,1.3950870614045578,1.0,0.0024779900000000002,1.0126718997698798,0.35591159625846064,0.038674033149171276,0.012513332079975162,0.16392272971503555
frozenset({'Bunched Cilantro'}),frozenset({'Limes'}),0.01975,0.05845,0.00585,0.29620253164556964,5.067622440471679,1.0,0.0046956125,1.3378138489208633,0.8188409114193352,0.08085694540428472,0.2525118492332533,0.19814403742244266
frozenset({'Limes'}),frozenset({'Bunched Cilantro'}),0.05845,0.01975,0.00585,0.10008554319931566,5.067622440471679,1.0,0.0046956125,1.0892701996197718,0.852497268778932,0.08085694540428472,0.0819541374132269,0.19814403742244266
frozenset({'Organic Baby Spinach'}),frozenset({'Carrots'}),0.10275,0.0313,0.0055,0.0535279805352798,1.710159122532901,1.0,0.0022839249999999996,1.023485089974293,0.4628131411636565,0.04278490859587709,0.022946196485268713,0.11462341518776768
frozenset({'Carrots'}),frozenset({'Organic Baby Spinach'}),0.0313,0.10275,0.0055,0.17571884984025557,1.710159122532901,1.0,0.0022839249999999996,1.0885242248062015,0.42867667070206555,0.04278490859587709,0.08132499285623358,0.11462341518776768
frozenset({'Organic Yellow Onion'}),frozenset({'Carrots'}),0.04745,0.0313,0.00505,0.10642781875658587,3.4002498005299,1.0,0.003564815,1.0840758254716982,0.7410676189134844,0.06852103120759837,0.07755529963516658,0.1338848358958648
frozenset({'Carrots'}),frozenset({'Organic Yellow Onion'}),0.0313,0.04745,0.00505,0.16134185303514376,3.4002498005299002,1.0,0.003564815,1.1358024761904764,0.7287126668690406,0.06852103120759837,0.11956522285984333,0.1338848358958648
frozenset({'Large Lemon'}),frozenset({'Cucumber Kirby'}),0.0633,0.04235,0.0065,0.10268562401263823,2.4246900593303007,1.0,0.003819245,1.0672402288732394,0.6272831790820474,0.06555723651033787,0.06300383648790082,0.12808425238412313
frozenset({'Cucumber Kirby'}),frozenset({'Large Lemon'}),0.04235,0.0633,0.0065,0.15348288075560804,2.424690059330301,1.0,0.003819245,1.106534030683403,0.613560438412942,0.06555723651033787,0.09627722937504862,0.12808425238412313
frozenset({'Organic Avocado'}),frozenset({'Cucumber Kirby'}),0.0752,0.04235,0.00735,0.09773936170212766,2.307895199577985,1.0,0.00416528,1.0613895357406042,0.6127862909869831,0.06669691470054445,0.05783883642471431,0.13564654035519608
frozenset({'Cucumber Kirby'}),frozenset({'Organic Avocado'}),0.04235,0.0752,0.00735,0.17355371900826447,2.307895199577985,1.0,0.00416528,1.119008,0.5917660543045601,0.06669691470054445,0.10635133975807144,0.13564654035519608
frozenset({'Organic Baby Spinach'}),frozenset({'Cucumber Kirby'}),0.10275,0.04235,0.0073,0.07104622871046229,1.6775968998928523,1.0,0.002948537500000001,1.0308909114719749,0.45016355149104775,0.05297532656023222,0.02996525735964318,0.12170965508722642
frozenset({'Cucumber Kirby'}),frozenset({'Organic Baby Spinach'}),0.04235,0.10275,0.0073,0.17237308146399055,1.677596899892852,1.0,0.002948537500000001,1.084123751783167,0.4217712594114161,0.05297532656023222,0.07759607853328566,0.12170965508722642
frozenset({'Organic Strawberries'}),frozenset({'Cucumber Kirby'}),0.1097,0.04235,0.0058,0.05287146763901549,1.248440794309693,1.0,0.0011542049999999993,1.0111088065447547,0.22352113003365767,0.03965811965811965,0.010986756789030954,0.0949127113873944
frozenset({'Cucumber Kirby'}),frozenset({'Organic Strawberries'}),0.04235,0.1097,0.0058,0.13695395513577333,1.248440794309693,1.0,0.0011542049999999993,1.0315787961696306,0.20780124478563713,0.03965811965811965,0.030612102814526924,0.0949127113873944
frozenset({'Organic Baby Spinach'}),frozenset({'Fresh Cauliflower'}),0.10275,0.02875,0.0052,0.05060827250608273,1.7602877393420078,1.0,0.0022459374999999997,1.0230234495130701,0.4813720342070857,0.04117181314330958,0.022505299877562654,0.11573891886173701
frozenset({'Fresh Cauliflower'}),frozenset({'Organic Baby Spinach'}),0.02875,0.10275,0.0052,0.18086956521739128,1.7602877393420078,1.0,0.0022459374999999997,1.0953688959660297,0.4446960696960697,0.04117181314330958,0.0870655505348468,0.11573891886173701
frozenset({'Honeycrisp Apple'}),frozenset({'Organic Strawberries'}),0.0358,0.1097,0.0055,0.15363128491620112,1.4004675015150512,1.0,0.0015727399999999996,1.051905610561056,0.29656993079519517,0.03928571428571428,0.0493443613570719,0.10188401073521998
frozenset({'Organic Strawberries'}),frozenset({'Honeycrisp Apple'}),0.1097,0.0358,0.0055,0.05013673655423883,1.4004675015150512,1.0,0.0015727399999999996,1.0150934740882915,0.32118693392421344,0.03928571428571428,0.014869048490187546,0.10188401073521998
frozenset({'Limes'}),frozenset({'Large Lemon'}),0.05845,0.0633,0.0114,0.19503849443969204,3.0811768473885,1.0,0.007700115,1.1636581296493091,0.7173795169778836,0.10330765745355687,0.14064107445253768,0.18756664058477496
frozenset({'Large Lemon'}),frozenset({'Limes'}),0.0633,0.05845,0.0114,0.18009478672985785,3.0811768473885004,1.0,0.007700115,1.148364450867052,0.7210939299781428,0.10330765745355687,0.1291963111145004,0.18756664058477496
frozenset({'Organic Avocado'}),frozenset({'Large Lemon'}),0.0752,0.0633,0.01035,0.13763297872340424,2.1742966622970656,1.0,0.00558984,1.0861964533538937,0.583997793490798,0.08076472883339834,0.0793562279528176,0.1505700438640718
frozenset({'Large Lemon'}),frozenset({'Organic Avocado'}),0.0633,0.0752,0.01035,0.16350710900473936,2.174296662297066,1.0,0.00558984,1.1055682719546742,0.576578583773129,0.08076472883339834,0.09548779087882717,0.1505700438640718
frozenset({'Organic Baby Spinach'}),frozenset({'Large Lemon'}),0.10275,0.0633,0.00905,0.0880778588807786,1.391435369364591,1.0,0.002545925000000002,1.0271710245464247,0.31353321767401643,0.05764331210191084,0.026452288759238395,0.11552392154149516
frozenset({'Large Lemon'}),frozenset({'Organic Baby Spinach'}),0.0633,0.10275,0.00905,0.14296998420221171,1.391435369364591,1.0,0.002545925000000002,1.0469294930875577,0.30032847182450223,0.05764331210191084,0.04482583917772273,0.11552392154149516
frozenset({'Organic Garlic'}),frozenset({'Large Lemon'}),0.04665,0.0633,0.0067,0.14362272240085747,2.268921364942456,1.0,0.0037470550000000004,1.0937936170212765,0.5866281431777495,0.0648910411622276,0.08575074452957988,0.12473395203771151
frozenset({'Large Lemon'}),frozenset({'Organic Garlic'}),0.0633,0.04665,0.0067,0.10584518167456557,2.268921364942456,1.0,0.0037470550000000004,1.0662023851590106,0.5970555570604329,0.0648910411622276,0.06209176239006196,0.12473395203771151
frozenset({'Organic Hass Avocado'}),frozenset({'Large Lemon'}),0.0919,0.0633,0.00645,0.07018498367791078,1.1087675146589382,1.0,0.0006327300000000006,1.0074046811000585,0.10802518931682055,0.04336134453781513,0.007350254807206982,0.08604035913753359
frozenset({'Large Lemon'}),frozenset({'Organic Hass Avocado'}),0.0633,0.0919,0.00645,0.10189573459715641,1.1087675146589382,1.0,0.0006327300000000006,1.01112981530343,0.10472688632284056,0.04336134453781513,0.011007306020434328,0.08604035913753359
frozenset({'Sparkling Water Grapefruit'}),frozenset({'Lime Sparkling Water'}),0.03325,0.01845,0.00525,0.15789473684210525,8.55798031664527,1.0,0.0046365375,1.165590625,0.9135246961468839,0.11302475780409041,0.14206585180796216,0.22122379118528027
frozenset({'Lime Sparkling Water'}),frozenset({'Sparkling Water Grapefruit'}),0.01845,0.03325,0.00525,0.2845528455284553,8.55798031664527,1.0,0.0046365375,1.351252840909091,0.8997503947837604,0.11302475780409041,0.2599460517491133,0.22122379118528027
frozenset({'Limes'}),frozenset({'Organic Avocado'}),0.05845,0.0752,0.0095,0.16253207869974337,2.161330833773183,1.0,0.005104559999999999,1.1042811031664963,0.5706782489120682,0.07652033830044301,0.09443347610266369,0.14443093296689297
frozenset({'Organic Avocado'}),frozenset({'Limes'}),0.0752,0.05845,0.0095,0.12632978723404253,2.161330833773183,1.0,0.005104559999999999,1.0776949771689497,0.5810143871790202,0.07652033830044301,0.07209366176415755,0.14443093296689297
frozenset({'Organic Baby Spinach'}),frozenset({'Limes'}),0.10275,0.05845,0.00715,0.06958637469586375,1.1905282240524164,1.0,0.0011442625000000007,1.0119692730125522,0.17836357011614754,0.04641350210970464,0.01182770399433248,0.09595657485862477
frozenset({'Limes'}),frozenset({'Organic Baby Spinach'}),0.05845,0.10275,0.00715,0.1223267750213858,1.1905282240524167,1.0,0.0011442625000000007,1.022305311890838,0.16997155040806478,0.04641350210970464,0.02181864031360914,0.09595657485862477
frozenset({'Limes'}),frozenset({'Organic Cilantro'}),0.05845,0.029,0.00795,0.1360136869118905,4.6901271348927756,1.0,0.0062549500000000004,1.1238603960396039,0.8356286586182492,0.1,0.11020977024911484,0.2050758089731866
frozenset({'Organic Cilantro'}),frozenset({'Limes'}),0.029,0.05845,0.00795,0.27413793103448275,4.6901271348927756,1.0,0.0062549500000000004,1.297147268408551,0.810284411454184,0.1,0.22907751158672693,0.2050758089731866
frozenset({'Organic Garlic'}),frozenset({'Limes'}),0.04665,0.05845,0.00635,0.13612004287245444,2.3288287916587587,1.0,0.0036233075,1.0899083746898264,0.5985205919119029,0.06430379746835442,0.08249168166582171,0.12237995300166776
frozenset({'Limes'}),frozenset({'Organic Garlic'}),0.05845,0.04665,0.00635,0.10863986313088109,2.3288287916587587,1.0,0.0036233075,1.0695452495201536,0.6060215668835565,0.06430379746835442,0.06502319518632306,0.12237995300166776
frozenset({'Organic Hass Avocado'}),frozenset({'Limes'}),0.0919,0.05845,0.0079,0.08596300326441786,1.4707100644040694,1.0,0.0025284450000000007,1.0301005357142858,0.35244612830516914,0.05545805545805547,0.029220968896413207,0.11056062909157591
frozenset({'Limes'}),frozenset({'Organic Hass Avocado'}),0.05845,0.0919,0.0079,0.13515825491873396,1.4707100644040692,1.0,0.0025284450000000007,1.0500186943620178,0.33992494197219913,0.05545805545805547,0.04763600365459086,0.11056062909157591
frozenset({'Organic Strawberries'}),frozenset({'Limes'}),0.1097,0.05845,0.00715,0.06517775752051048,1.1151027805048843,1.0,0.0007380349999999997,1.007196830814237,0.11594033283351488,0.04440993788819875,0.007145406532324872,0.09375226627094814
frozenset({'Limes'}),frozenset({'Organic Strawberries'}),0.05845,0.1097,0.00715,0.1223267750213858,1.115102780504884,1.0,0.0007380349999999997,1.0143866471734893,0.1096295239994459,0.04440993788819875,0.014182607010429955,0.09375226627094814
frozenset({'Organic Baby Spinach'}),frozenset({'Michigan Organic Kale'}),0.10275,0.0289,0.0052,0.05060827250608273,1.7511512977883297,1.0,0.002230525,1.0228654536135315,0.4780686713676405,0.04112297350731515,0.022354312126539728,0.1152695341769168
frozenset({'Michigan Organic Kale'}),frozenset({'Organic Baby Spinach'}),0.0289,0.10275,0.0052,0.17993079584775087,1.7511512977883297,1.0,0.002230525,1.0941149789029536,0.4417126098080686,0.04112297350731515,0.08601927650905643,0.1152695341769168
frozenset({'Organic Baby Spinach'}),frozenset({'Organic Avocado'}),0.10275,0.0752,0.0117,0.11386861313868614,1.5142102810995497,1.0,0.0039732000000000005,1.0436375617792422,0.37847839909695585,0.07037593984962406,0.041812946733008366,0.13472685976083243
frozenset({'Organic Avocado'}),frozenset({'Organic Baby Spinach'}),0.0752,0.10275,0.0117,0.15558510638297873,1.5142102810995497,1.0,0.0039732000000000005,1.0625700787401575,0.36720344246295805,0.07037593984962406,0.058885601987159364,0.13472685976083243
frozenset({'Organic Garlic'}),frozenset({'Organic Avocado'}),0.04665,0.0752,0.0064,0.1371918542336549,1.824359763745411,1.0,0.0028919200000000005,1.0718489440993788,0.4739733571091415,0.05543525335643136,0.06703271435300054,0.11114911860618915
frozenset({'Organic Avocado'}),frozenset({'Organic Garlic'}),0.0752,0.04665,0.0064,0.0851063829787234,1.8243597637454108,1.0,0.0028919200000000005,1.0420337209302326,0.48860564446366794,0.05543525335643136,0.04033815805184183,0.11114911860618915
frozenset({'Organic Grape Tomatoes'}),frozenset({'Organic Avocado'}),0.0343,0.0752,0.0051,0.14868804664723034,1.9772346628621056,1.0,0.0025206400000000006,1.0863232876712328,0.5117978018586539,0.04885057471264369,0.07946371826041343,0.10825359779170028
frozenset({'Organic Avocado'}),frozenset({'Organic Grape Tomatoes'}),0.0752,0.0343,0.0051,0.06781914893617022,1.9772346628621058,1.0,0.0025206400000000006,1.0359577746077033,0.5344324581043491,0.04885057471264369,0.03470969134945658,0.10825359779170028
frozenset({'Organic Strawberries'}),frozenset({'Organic Avocado'}),0.1097,0.0752,0.01,0.09115770282588878,1.2122034950251168,1.0,0.00175056,1.0175582748244734,0.19662585645288105,0.057175528873642086,0.01725530149858216,0.11206821311507205
frozenset({'Organic Avocado'}),frozenset({'Organic Strawberries'}),0.0752,0.1097,0.01,0.13297872340425532,1.2122034950251168,1.0,0.00175056,1.0268490797546013,0.18929065743944637,0.057175528873642086,0.026147055379372473,0.11206821311507205
frozenset({'Organic Avocado'}),frozenset({'Organic Whole Milk'}),0.0752,0.0569,0.0056,0.07446808510638298,1.3087536925550611,1.0,0.0013211199999999994,1.0189816091954025,0.2550976272862085,0.04426877470355731,0.018628019410860962,0.08644318139326179
frozenset({'Organic Whole Milk'}),frozenset({'Organic Avocado'}),0.0569,0.0752,0.0056,0.0984182776801406,1.3087536925550611,1.0,0.0013211199999999994,1.0257528265107212,0.25014768923156144,0.04426877470355731,0.025106269117799083,0.08644318139326179
frozenset({'Organic Yellow Onion'}),frozenset({'Organic Avocado'}),0.04745,0.0752,0.00515,0.10853530031612224,1.4432885680335403,1.0,0.0015817600000000002,1.037393853427896,0.3224375246209332,0.04382978723404255,0.03604595622418062,0.08850967143465686
frozenset({'Organic Avocado'}),frozenset({'Organic Yellow Onion'}),0.0752,0.04745,0.00515,0.06848404255319149,1.4432885680335403,1.0,0.0015817600000000002,1.022580442541042,0.33211274229851856,0.04382978723404255,0.022081825156885716,0.08850967143465686
frozenset({'Organic Avocado'}),frozenset({'Strawberries'}),0.0752,0.0625,0.00585,0.07779255319148937,1.2446808510638299,1.0,0.00115,1.0165825522710887,0.21256617277378523,0.04436860068259386,0.01631205673758866,0.08569627659574469
frozenset({'Strawberries'}),frozenset({'Organic Avocado'}),0.0625,0.0752,0.00585,0.0936,1.2446808510638299,1.0,0.00115,1.0203000882612532,0.20968660968660965,0.04436860068259386,0.019896193771626297,0.08569627659574469
frozenset({'Organic Baby Spinach'}),frozenset({'Organic Baby Arugula'}),0.10275,0.03055,0.00565,0.054987834549878344,1.799929117835625,1.0,0.0025109875,1.0258598094747682,0.4953163180514699,0.04426165295730512,0.025207937026023357,0.1199652757037444
frozenset({'Organic Baby Arugula'}),frozenset({'Organic Baby Spinach'}),0.03055,0.10275,0.00565,0.18494271685761046,1.799929117835625,1.0,0.0025109875,1.1008428714859437,0.4584275273316637,0.04426165295730512,0.09160514556434714,0.1199652757037444
frozenset({'Organic Baby Spinach'}),frozenset({'Organic Baby Carrots'}),0.10275,0.03355,0.00625,0.060827250608272515,1.813032805015574,1.0,0.0028027375,1.0290439119170984,0.49979158539983287,0.04805843906189927,0.028224171564253206,0.12355818566181137
frozenset({'Organic Baby Carrots'}),frozenset({'Organic Baby Spinach'}),0.03355,0.10275,0.00625,0.18628912071535023,1.8130328050155742,1.0,0.0028027375,1.1026643772893772,0.4640053805163226,0.04805843906189927,0.09310573498506573,0.12355818566181137
frozenset({'Organic Strawberries'}),frozenset({'Organic Baby Carrots'}),0.1097,0.03355,0.0056,0.051048313582497715,1.5215592722055948,1.0,0.0019195649999999994,1.0184396253602306,0.38501568492161536,0.040682891391209584,0.018105761894042848,0.10898168287172574
frozenset({'Organic Baby Carrots'}),frozenset({'Organic Strawberries'}),0.03355,0.1097,0.0056,0.1669150521609538,1.521559272205595,1.0,0.0019195649999999994,1.068678533094812,0.3546789428172323,0.040682891391209584,0.06426491313147678,0.10898168287172574
frozenset({'Organic Baby Spinach'}),frozenset({'Organic Blueberries'}),0.10275,0.04195,0.0051,0.04963503649635037,1.1831951488998895,1.0,0.0007896375000000008,1.0080864055299539,0.17256158523593348,0.036532951289398284,0.008021540103700611,0.08560416902290702
frozenset({'Organic Blueberries'}),frozenset({'Organic Baby Spinach'}),0.04195,0.10275,0.0051,0.12157330154946365,1.1831951488998895,1.0,0.0007896375000000008,1.0214284260515605,0.16161044032455646,0.036532951289398284,0.020978881637741607,0.08560416902290702
frozenset({'Organic Baby Spinach'}),frozenset({'Organic Cilantro'}),0.10275,0.029,0.0051,0.04963503649635037,1.7115529826327713,1.0,0.00212025,1.0217127496159755,0.46334387753429596,0.040268456375838924,0.02125132491900141,0.1127485527309338
frozenset({'Organic Cilantro'}),frozenset({'Organic Baby Spinach'}),0.029,0.10275,0.0051,0.17586206896551723,1.7115529826327711,1.0,0.00212025,1.088713389121339,0.4281516932210578,0.040268456375838924,0.08148461294568653,0.1127485527309338
frozenset({'Organic Baby Spinach'}),frozenset({'Organic Cucumber'}),0.10275,0.03295,0.00715,0.06958637469586375,2.111877835989795,1.0,0.0037643875000000003,1.0393764382845188,0.586779339356659,0.05562038117464022,0.03788467472815651,0.1432909111719076
frozenset({'Organic Cucumber'}),frozenset({'Organic Baby Spinach'}),0.03295,0.10275,0.00715,0.21699544764795145,2.1118778359897954,1.0,0.0037643875000000003,1.145906492248062,0.5444266193451862,0.05562038117464022,0.12732844541426744,0.1432909111719076
frozenset({'Organic Garlic'}),frozenset({'Organic Baby Spinach'}),0.04665,0.10275,0.00905,0.19399785637727762,1.8880569963725318,1.0,0.004256712500000002,1.1132104388297872,0.49337071629064955,0.06448165301033133,0.10169724867905001,0.1410378576290281
frozenset({'Organic Baby Spinach'}),frozenset({'Organic Garlic'}),0.10275,0.04665,0.00905,0.0880778588807786,1.8880569963725318,1.0,0.004256712500000002,1.0454291622198506,0.5242184144616225,0.06448165301033133,0.04345503632535648,0.1410378576290281
frozenset({'Organic Baby Spinach'}),frozenset({'Organic Garnet Sweet Potato (Yam)'}),0.10275,0.02405,0.0051,0.04963503649635037,2.06382688134513,1.0,0.0026288625000000006,1.0269212749615975,0.5744923213085736,0.041906327033689406,0.02621551974624763,0.13084662427728122
frozenset({'Organic Garnet Sweet Potato (Yam)'}),frozenset({'Organic Baby Spinach'}),0.02405,0.10275,0.0051,0.2120582120582121,2.06382688134513,1.0,0.0026288625000000006,1.138726253298153,0.5281656184170478,0.041906327033689406,0.12182581449786804,0.13084662427728122
frozenset({'Organic Grape Tomatoes'}),frozenset({'Organic Baby Spinach'}),0.0343,0.10275,0.00615,0.17930029154518953,1.745015002872891,1.0,0.0026256750000000005,1.0932744227353464,0.4421031628769224,0.04698242933537051,0.08531656901107779,0.11957715307186484
frozenset({'Organic Baby Spinach'}),frozenset({'Organic Grape Tomatoes'}),0.10275,0.0343,0.00615,0.05985401459854015,1.7450150028728908,1.0,0.0026256750000000005,1.0271809006211179,0.47583062066340925,0.04698242933537051,0.02646164916489609,0.11957715307186484
frozenset({'Organic Hass Avocado'}),frozenset({'Organic Baby Spinach'}),0.0919,0.10275,0.01395,0.15179542981501634,1.4773277840877503,1.0,0.0045072750000000016,1.0578226427196922,0.3558001877960957,0.07719977863862756,0.05466194462526202,0.14378092658634029
frozenset({'Organic Baby Spinach'}),frozenset({'Organic Hass Avocado'}),0.10275,0.0919,0.01395,0.13576642335766426,1.4773277840877503,1.0,0.0045072750000000016,1.0507576013513515,0.3601027033019053,0.07719977863862756,0.04830571892706118,0.14378092658634029
frozenset({'Organic Baby Spinach'}),frozenset({'Organic Large Extra Fancy Fuji Apple'}),0.10275,0.03185,0.0051,0.04963503649635037,1.558399889995302,1.0,0.0018274125000000002,1.018713901689708,0.3993493189975907,0.039382239382239385,0.01837012497686347,0.10488031259668382
frozenset({'Organic Large Extra Fancy Fuji Apple'}),frozenset({'Organic Baby Spinach'}),0.03185,0.10275,0.0051,0.16012558869701726,1.558399889995302,1.0,0.0018274125000000002,1.0683144859813083,0.37010398850445514,0.039382239382239385,0.06394604480024214,0.10488031259668382
frozenset({'Organic Baby Spinach'}),frozenset({'Organic Lemon'}),0.10275,0.03955,0.0059,0.05742092457420925,1.451856499980006,1.0,0.0018362374999999998,1.018959602478059,0.34686731113430397,0.04325513196480939,0.018606824482491797,0.10329958997357744
frozenset({'Organic Lemon'}),frozenset({'Organic Baby Spinach'}),0.03955,0.10275,0.0059,0.14917825537294563,1.451856499980006,1.0,0.0018362374999999998,1.0545687221396731,0.32404257891119187,0.04325513196480939,0.05174506032092018,0.10329958997357744
frozenset({'Organic Baby Spinach'}),frozenset({'Organic Raspberries'}),0.10275,0.05995,0.00745,0.07250608272506083,1.2094425809017653,1.0,0.0012901375,1.0135376442812174,0.19300397747778913,0.047987117552334944,0.013356824344514469,0.09838815395635861
frozenset({'Organic Raspberries'}),frozenset({'Organic Baby Spinach'}),0.05995,0.10275,0.00745,0.12427022518765637,1.2094425809017653,1.0,0.0012901375,1.0245740476190477,0.1842166042146123,0.047987117552334944,0.023984647743278218,0.09838815395635861
frozenset({'Organic Baby Spinach'}),frozenset({'Organic Small Bunch Celery'}),0.10275,0.02845,0.00585,0.05693430656934307,2.0012058548099496,1.0,0.0029267625000000005,1.030203947368421,0.5575940730579907,0.04666932588751496,0.02931841549003455,0.1312791040755327
frozenset({'Organic Small Bunch Celery'}),frozenset({'Organic Baby Spinach'}),0.02845,0.10275,0.00585,0.20562390158172233,2.00120585480995,1.0,0.0029267625000000005,1.1295027654867256,0.5149516566839402,0.04666932588751496,0.11465466880102797,0.1312791040755327
frozenset({'Organic Baby Spinach'}),frozenset({'Organic Strawberries'}),0.10275,0.1097,0.01655,0.1610705596107056,1.4682822206992305,1.0,0.005278324999999999,1.0612334686774942,0.35545502833010223,0.0844818785094436,0.057700280366961246,0.15596827889377576
frozenset({'Organic Strawberries'}),frozenset({'Organic Baby Spinach'}),0.1097,0.10275,0.01655,0.15086599817684593,1.4682822206992305,1.0,0.005278324999999999,1.0566647879763822,0.3582298373235811,0.0844818785094436,0.05362607765599993,0.15596827889377576
frozenset({'Organic Baby Spinach'}),frozenset({'Organic Whole Milk'}),0.10275,0.0569,0.00655,0.0637469586374696,1.1203331922226643,1.0,0.0007035250000000009,1.0073131496881498,0.11970843905997773,0.042782495101241026,0.007260055813243132,0.08943059706917417
frozenset({'Organic Whole Milk'}),frozenset({'Organic Baby Spinach'}),0.0569,0.10275,0.00655,0.11511423550087874,1.1203331922226643,1.0,0.0007035250000000009,1.013972691161867,0.11388866180316509,0.042782495101241026,0.013780145445392859,0.08943059706917417
frozenset({'Organic Yellow Onion'}),frozenset({'Organic Baby Spinach'}),0.04745,0.10275,0.0084,0.17702845100105374,1.722904632613662,1.0,0.0035245125,1.0902564020486556,0.4404858762569644,0.05923836389280676,0.08278456506107969,0.129390137909286
frozenset({'Organic Baby Spinach'}),frozenset({'Organic Yellow Onion'}),0.10275,0.04745,0.0084,0.08175182481751825,1.7229046326136617,1.0,0.0035245125,1.0373557233704291,0.4676342395414561,0.05923836389280676,0.036010524190350376,0.129390137909286
frozenset({'Organic Baby Spinach'}),frozenset({'Organic Zucchini'}),0.10275,0.04185,0.0094,0.09148418491484185,2.1860020290284794,1.0,0.0050999125000000005,1.054632163899304,0.6046741521078,0.0695266272189349,0.05180210292213312,0.15804794669875905
frozenset({'Organic Zucchini'}),frozenset({'Organic Baby Spinach'}),0.04185,0.10275,0.0094,0.22461170848267625,2.1860020290284794,1.0,0.0050999125000000005,1.1571621725731895,0.5662410718350189,0.0695266272189349,0.1358168943802466,0.15804794669875905
frozenset({'Organic Blackberries'}),frozenset({'Organic Raspberries'}),0.0277,0.05995,0.0052,0.18772563176895307,3.1313700044862895,1.0,0.003539385,1.1573060000000002,0.7000421284978521,0.063068526379624,0.135924293142868,0.13723229044661164
frozenset({'Organic Raspberries'}),frozenset({'Organic Blackberries'}),0.05995,0.0277,0.0052,0.08673894912427021,3.1313700044862895,1.0,0.003539385,1.064646301369863,0.7240582538572007,0.063068526379624,0.06072091856862101,0.13723229044661164
frozenset({'Organic Blackberries'}),frozenset({'Organic Strawberries'}),0.0277,0.1097,0.0058,0.20938628158844766,1.908717243285758,1.0,0.0027613099999999995,1.1260872146118721,0.4896512712480538,0.044072948328267476,0.11196931549864951,0.13112887461373157
frozenset({'Organic Strawberries'}),frozenset({'Organic Blackberries'}),0.1097,0.0277,0.0058,0.05287146763901549,1.908717243285758,1.0,0.0027613099999999995,1.0265766121270452,0.534750006778033,0.044072948328267476,0.025888581342194274,0.13112887461373157
frozenset({'Organic Blueberries'}),frozenset({'Organic Raspberries'}),0.04195,0.05995,0.00595,0.14183551847437426,2.3658968886467764,1.0,0.0034350975000000004,1.095419375,0.6026066603250038,0.06201146430432517,0.08710762031208366,0.12054244647655327
frozenset({'Organic Raspberries'}),frozenset({'Organic Blueberries'}),0.05995,0.04195,0.00595,0.09924937447873228,2.3658968886467764,1.0,0.0034350975000000004,1.0636129166666666,0.6141453230406572,0.06201146430432517,0.059808334093974506,0.12054244647655327
frozenset({'Organic Strawberries'}),frozenset({'Organic Blueberries'}),0.1097,0.04195,0.0092,0.08386508659981767,1.9991677377787287,1.0,0.004598084999999999,1.0457520895522388,0.5613746465529449,0.06458406458406457,0.04375041657514501,0.15158689371707212
frozenset({'Organic Blueberries'}),frozenset({'Organic Strawberries'}),0.04195,0.1097,0.0092,0.21930870083432658,1.999167737778729,1.0,0.004598084999999999,1.1403995419847328,0.521676162857979,0.06458406458406457,0.12311434441685563,0.15158689371707212
frozenset({'Organic Hass Avocado'}),frozenset({'Organic Cilantro'}),0.0919,0.029,0.0051,0.05549510337323178,1.9136242542493718,1.0,0.0024349000000000003,1.0280518433179724,0.5257475746603013,0.04404145077720208,0.027286409241227376,0.11567858616937451
frozenset({'Organic Cilantro'}),frozenset({'Organic Hass Avocado'}),0.029,0.0919,0.0051,0.17586206896551723,1.9136242542493715,1.0,0.0024349000000000003,1.1018786610878661,0.4916903939742736,0.04404145077720208,0.09245905623336333,0.11567858616937451
frozenset({'Organic Hass Avocado'}),frozenset({'Organic Cucumber'}),0.0919,0.03295,0.00705,0.07671381936887922,2.3281887517110538,1.0,0.004021895,1.0474000589275192,0.6282144700844489,0.05984719864176571,0.04525497065185794,0.14533718282556252
frozenset({'Organic Cucumber'}),frozenset({'Organic Hass Avocado'}),0.03295,0.0919,0.00705,0.2139605462822458,2.3281887517110538,1.0,0.004021895,1.1552855212355213,0.5899194046674815,0.05984719864176571,0.13441311120168023,0.14533718282556252
frozenset({'Organic Strawberries'}),frozenset({'Organic Cucumber'}),0.1097,0.03295,0.00635,0.05788514129443938,1.7567569436855652,1.0,0.0027353849999999995,1.026467198838897,0.48384734509556626,0.04658840792369772,0.025784748766288588,0.12530068900837293
frozenset({'Organic Cucumber'}),frozenset({'Organic Strawberries'}),0.03295,0.1097,0.00635,0.1927162367223065,1.7567569436855652,1.0,0.0027353849999999995,1.102834022556391,0.44544676215147366,0.04658840792369772,0.09324523949489666,0.12530068900837293
frozenset({'Organic Hass Avocado'}),frozenset({'Organic Gala Apples'}),0.0919,0.03295,0.0053,0.05767138193688792,1.7502695580239127,1.0,0.0022718950000000003,1.0262343533487297,0.4720399008504176,0.04433291509828524,0.025563706051277515,0.10926057715964274
frozenset({'Organic Gala Apples'}),frozenset({'Organic Hass Avocado'}),0.03295,0.0919,0.0053,0.16084977238239756,1.7502695580239127,1.0,0.0022718950000000003,1.082166184448463,0.44326501624762343,0.04433291509828524,0.07592751060719917,0.10926057715964274
frozenset({'Organic Strawberries'}),frozenset({'Organic Gala Apples'}),0.1097,0.03295,0.0055,0.05013673655423883,1.5216005024048203,1.0,0.0018853849999999994,1.018093905950096,0.3850356876640151,0.04010207801676996,0.017772334992232904,0.10852815583402381
frozenset({'Organic Gala Apples'}),frozenset({'Organic Strawberries'}),0.03295,0.1097,0.0055,0.16691957511380878,1.5216005024048203,1.0,0.0018853849999999994,1.068684335154827,0.35447729975417264,0.04010207801676996,0.06426999338853058,0.10852815583402381
frozenset({'Organic Garlic'}),frozenset({'Organic Hass Avocado'}),0.04665,0.0919,0.00735,0.15755627009646303,1.7144316659027534,1.0,0.0030628650000000006,1.0779354961832062,0.43710738609179456,0.05602134146341463,0.07230070487442246,0.11876725365541324
frozenset({'Organic Hass Avocado'}),frozenset({'Organic Garlic'}),0.0919,0.04665,0.00735,0.07997823721436344,1.7144316659027534,1.0,0.0030628650000000006,1.0362254878769959,0.4588881472641915,0.05602134146341463,0.034959078212999886,0.11876725365541324
frozenset({'Organic Garlic'}),frozenset({'Organic Strawberries'}),0.04665,0.1097,0.0073,0.1564844587352626,1.4264763786259123,1.0,0.0021824950000000004,1.0554636594663278,0.31360142424945636,0.04897685340489769,0.052549094389826564,0.1115147908990807
frozenset({'Organic Strawberries'}),frozenset({'Organic Garlic'}),0.1097,0.04665,0.0073,0.06654512306289881,1.4264763786259125,1.0,0.0021824950000000004,1.021313427734375,0.3358103086692342,0.04897685340489769,0.020868645369380406,0.1115147908990807
frozenset({'Organic Garlic'}),frozenset({'Organic Yellow Onion'}),0.04665,0.04745,0.0093,0.19935691318327975,4.2014101829985195,1.0,0.007086457499999999,1.189731124497992,0.7992706534004875,0.10966981132075472,0.15947395221592542,0.19767634911008033
frozenset({'Organic Yellow Onion'}),frozenset({'Organic Garlic'}),0.04745,0.04665,0.0093,0.19599578503688092,4.2014101829985195,1.0,0.007086457499999999,1.1857524901703802,0.7999419215992386,0.10966981132075472,0.1566536791701693,0.19767634911008033
frozenset({'Organic Hass Avocado'}),frozenset({'Organic Garnet Sweet Potato (Yam)'}),0.0919,0.02405,0.0055,0.05984766050054407,2.488468212080835,1.0,0.003289805,1.0380764467592591,0.6586789600664725,0.04979628791308284,0.03667980992934482,0.1442689445953864
frozenset({'Organic Garnet Sweet Potato (Yam)'}),frozenset({'Organic Hass Avocado'}),0.02405,0.0919,0.0055,0.2286902286902287,2.488468212080835,1.0,0.003289805,1.1773479784366576,0.6128862786375979,0.04979628791308284,0.15063344201104362,0.1442689445953864
frozenset({'Organic Grape Tomatoes'}),frozenset({'Organic Hass Avocado'}),0.0343,0.0919,0.00555,0.16180758017492713,1.7606918408588372,1.0,0.0023978300000000005,1.0834027826086956,0.44738680898979133,0.04600082884376296,0.07698224884365944,0.11109965515819262
frozenset({'Organic Hass Avocado'}),frozenset({'Organic Grape Tomatoes'}),0.0919,0.0343,0.00555,0.060391730141458114,1.7606918408588372,1.0,0.0023978300000000005,1.0277687319050377,0.47576416852928255,0.04600082884376296,0.027018463437359547,0.11109965515819262
frozenset({'Organic Grape Tomatoes'}),frozenset({'Organic Strawberries'}),0.0343,0.1097,0.00565,0.16472303206997085,1.5015773206013752,1.0,0.0018872899999999998,1.0658739965095987,0.3458979272223093,0.04083845319840982,0.06180279913509025,0.108113567083299
frozenset({'Organic Strawberries'}),frozenset({'Organic Grape Tomatoes'}),0.1097,0.0343,0.00565,0.05150410209662716,1.5015773206013752,1.0,0.0018872899999999998,1.018138298894762,0.3751922142183355,0.04083845319840982,0.017815162158669528,0.108113567083299
frozenset({'Organic Hass Avocado'}),frozenset({'Organic Large Extra Fancy Fuji Apple'}),0.0919,0.03185,0.0055,0.05984766050054407,1.8790474254487932,1.0,0.0025729849999999994,1.0297799189814814,0.5151585227898409,0.046511627906976744,0.028918721789540944,0.11626605944964408
frozenset({'Organic Large Extra Fancy Fuji Apple'}),frozenset({'Organic Hass Avocado'}),0.03185,0.0919,0.0055,0.17268445839874408,1.8790474254487932,1.0,0.0025729849999999994,1.0976464895635674,0.48320555135614784,0.046511627906976744,0.08895987049746072,0.11626605944964408
frozenset({'Organic Hass Avocado'}),frozenset({'Organic Lemon'}),0.0919,0.03955,0.0102,0.11099020674646357,2.806326339986436,1.0,0.006565355,1.0803593023255813,0.7088010735623398,0.08412371134020619,0.07438201545782036,0.1844457986956085
frozenset({'Organic Lemon'}),frozenset({'Organic Hass Avocado'}),0.03955,0.0919,0.0102,0.2579013906447535,2.806326339986436,1.0,0.006565355,1.2236918228279388,0.6701673745660479,0.08412371134020619,0.18280078256222168,0.1844457986956085
frozenset({'Organic Hass Avocado'}),frozenset({'Organic Raspberries'}),0.0919,0.05995,0.0116,0.12622415669205658,2.1054905203011938,1.0,0.006090594999999999,1.07584800747198,0.578186645857778,0.08270944741532978,0.07050067197708268,0.15985936775386816
frozenset({'Organic Raspberries'}),frozenset({'Organic Hass Avocado'}),0.05995,0.0919,0.0116,0.19349457881567972,2.105490520301194,1.0,0.006090594999999999,1.125968872802482,0.5585354960943015,0.08270944741532978,0.11187598151710133,0.15985936775386816
frozenset({'Organic Hass Avocado'}),frozenset({'Organic Red Onion'}),0.0919,0.02595,0.005,0.054406964091403706,2.0966074794375222,1.0,0.0026151950000000003,1.0300943037974684,0.5759707080717983,0.044306601683650866,0.029215095828144043,0.12354259572585599
frozenset({'Organic Red Onion'}),frozenset({'Organic Hass Avocado'}),0.02595,0.0919,0.005,0.1926782273603083,2.0966074794375222,1.0,0.0026151950000000003,1.1248303102625299,0.5369734613212875,0.044306601683650866,0.1109770150427357,0.12354259572585599
frozenset({'Organic Hass Avocado'}),frozenset({'Organic Strawberries'}),0.0919,0.1097,0.01745,0.1898803046789989,1.7309052386417403,1.0,0.00736857,1.0989734049697784,0.46500123530063237,0.09475970676079283,0.09005987271593723,0.1744752480550874
frozenset({'Organic Strawberries'}),frozenset({'Organic Hass Avocado'}),0.1097,0.0919,0.01745,0.15907019143117593,1.7309052386417403,1.0,0.00736857,1.0798760975609756,0.474298126223188,0.09475970676079283,0.07396783551500488,0.1744752480550874
frozenset({'Organic Hass Avocado'}),frozenset({'Organic Tomato Cluster'}),0.0919,0.0273,0.00555,0.060391730141458114,2.212151287232898,1.0,0.0030411300000000004,1.0352186450492185,0.6034041970612833,0.048834139903211615,0.034020489504943054,0.1318442167190807
frozenset({'Organic Tomato Cluster'}),frozenset({'Organic Hass Avocado'}),0.0273,0.0919,0.00555,0.2032967032967033,2.212151287232898,1.0,0.0030411300000000004,1.1398220689655172,0.5633302676584264,0.048834139903211615,0.1226700840179532,0.1318442167190807
frozenset({'Organic Yellow Onion'}),frozenset({'Organic Hass Avocado'}),0.04745,0.0919,0.00755,0.15911485774499473,1.7313912703481473,1.0,0.0031893450000000005,1.0799334586466167,0.4434725750086645,0.057283763277693474,0.07401702207355439,0.12063468676150715
frozenset({'Organic Hass Avocado'}),frozenset({'Organic Yellow Onion'}),0.0919,0.04745,0.00755,0.08215451577801959,1.7313912703481473,1.0,0.0031893450000000005,1.0378108476585655,0.4651798274688948,0.057283763277693474,0.0364332746606683,0.12063468676150715
frozenset({'Organic Hass Avocado'}),frozenset({'Organic Zucchini'}),0.0919,0.04185,0.0078,0.08487486398258977,2.0280732134430055,1.0,0.003953985,1.047015279429251,0.5582217309174693,0.06192933703850735,0.04490410059238091,0.135627396149001
frozenset({'Organic Zucchini'}),frozenset({'Organic Hass Avocado'}),0.04185,0.0919,0.0078,0.1863799283154122,2.0280732134430055,1.0,0.003953985,1.1161229074889867,0.5290624159538213,0.06192933703850735,0.10404132619250325,0.135627396149001
frozenset({'Organic Strawberries'}),frozenset({'Organic Kiwi'}),0.1097,0.0214,0.00505,0.04603463992707384,2.151151398461394,1.0,0.0027024199999999996,1.0258234113712374,0.6010700587075443,0.040063466878222924,0.02517334960870002,0.1410079741691444
frozenset({'Organic Kiwi'}),frozenset({'Organic Strawberries'}),0.0214,0.1097,0.00505,0.23598130841121495,2.151151398461394,1.0,0.0027024199999999996,1.165285626911315,0.5468349410048301,0.040063466878222924,0.1418412989006121,0.1410079741691444
frozenset({'Organic Strawberries'}),frozenset({'Organic Large Extra Fancy Fuji Apple'}),0.1097,0.03185,0.00635,0.05788514129443938,1.81742986795728,1.0,0.0028560549999999993,1.0276347847121432,0.5051920037570278,0.046967455621301765,0.026891640029374966,0.1286285989046765
frozenset({'Organic Large Extra Fancy Fuji Apple'}),frozenset({'Organic Strawberries'}),0.03185,0.1097,0.00635,0.19937205651491363,1.81742986795728,1.0,0.0028560549999999993,1.112002156862745,0.4645689623972337,0.046967455621301765,0.1007211687239286,0.1286285989046765
frozenset({'Organic Strawberries'}),frozenset({'Organic Lemon'}),0.1097,0.03955,0.00725,0.06608933454876938,1.671032479109213,1.0,0.002911365,1.0284174231332357,0.45104749658193477,0.05105633802816902,0.027632187567046045,0.12470079875352502
frozenset({'Organic Lemon'}),frozenset({'Organic Strawberries'}),0.03955,0.1097,0.00725,0.18331226295828065,1.6710324791092128,1.0,0.002911365,1.0901351393188854,0.41810358291102767,0.05105633802816902,0.08268253730010182,0.12470079875352502
frozenset({'Organic Strawberries'}),frozenset({'Organic Raspberries'}),0.1097,0.05995,0.01325,0.12078395624430263,2.014744891481278,1.0,0.006673484999999999,1.069191135303266,0.5657185727092203,0.08471867007672633,0.06471353251880499,0.17090073541989942
frozenset({'Organic Raspberries'}),frozenset({'Organic Strawberries'}),0.05995,0.1097,0.01325,0.22101751459549623,2.0147448914812784,1.0,0.006673484999999999,1.1429011777301927,0.5357792088538044,0.08471867007672633,0.1250337129007034,0.17090073541989942
frozenset({'Organic Tomato Cluster'}),frozenset({'Organic Strawberries'}),0.0273,0.1097,0.00545,0.19963369963369962,1.8198149465241533,1.0,0.00245519,1.1123656750572082,0.46313722420237624,0.04142911440516914,0.10101505069493386,0.1246573238369045
frozenset({'Organic Strawberries'}),frozenset({'Organic Tomato Cluster'}),0.1097,0.0273,0.00545,0.049680948040109384,1.819814946524153,1.0,0.00245519,1.0235509832134293,0.5060019970590266,0.04142911440516914,0.02300909637103874,0.1246573238369045
frozenset({'Organic Strawberries'}),frozenset({'Organic Whole Milk'}),0.1097,0.0569,0.00965,0.08796718322698269,1.5459961902808907,1.0,0.00340807,1.0340636681659172,0.39668412405668696,0.061484549219496656,0.03294155786977276,0.1287814826503982
frozenset({'Organic Whole Milk'}),frozenset({'Organic Strawberries'}),0.0569,0.1097,0.00965,0.16959578207381373,1.5459961902808907,1.0,0.00340807,1.0721284656084658,0.3744755335040487,0.061484549219496656,0.06727595425565959,0.1287814826503982
frozenset({'Organic Whole String Cheese'}),frozenset({'Organic Strawberries'}),0.02655,0.1097,0.00625,0.2354048964218456,2.145896959178173,1.0,0.003337465,1.1644071428571428,0.5485586316708613,0.04807692307692308,0.14119386321671973,0.14618923034401304
frozenset({'Organic Strawberries'}),frozenset({'Organic Whole String Cheese'}),0.1097,0.02655,0.00625,0.05697356426618049,2.145896959178173,1.0,0.003337465,1.0322616239729339,0.5997915309446255,0.04807692307692308,0.03125334045526785,0.14618923034401304
frozenset({'Organic Yellow Onion'}),frozenset({'Organic Strawberries'}),0.04745,0.1097,0.0074,0.1559536354056902,1.4216375150928915,1.0,0.0021947349999999997,1.0547998751560548,0.31135983498064224,0.04941569282136894,0.051952864658755704,0.11170516774842396
frozenset({'Organic Strawberries'}),frozenset({'Organic Yellow Onion'}),0.1097,0.04745,0.0074,0.0674567000911577,1.4216375150928915,1.0,0.0021947349999999997,1.0214539100684261,0.3331301929808051,0.04941569282136894,0.02100330700872154,0.11170516774842396
frozenset({'Organic Strawberries'}),frozenset({'Organic Zucchini'}),0.1097,0.04185,0.00605,0.055150410209662715,1.317811474543912,1.0,0.001459055,1.0140767486734201,0.2708818552201273,0.041580756013745696,0.013881344475982587,0.09985716448356494
frozenset({'Organic Zucchini'}),frozenset({'Organic Strawberries'}),0.04185,0.1097,0.00605,0.14456391875746716,1.317811474543912,1.0,0.001459055,1.0407557262569833,0.25169975025046115,0.041580756013745696,0.03915974251091447,0.09985716448356494
frozenset({'Organic Strawberries'}),frozenset({'Original Hummus'}),0.1097,0.0317,0.0059,0.053783044667274384,1.696626014740517,1.0,0.0024225099999999997,1.023338246628131,0.4611871450682211,0.04354243542435424,0.0228059946992403,0.11995145924215454
frozenset({'Original Hummus'}),frozenset({'Organic Strawberries'}),0.0317,0.1097,0.0059,0.1861198738170347,1.6966260147405168,1.0,0.0024225099999999997,1.0938957364341084,0.42403688449265436,0.04354243542435424,0.08583609324613581,0.11995145924215454
frozenset({'Strawberries'}),frozenset({'Raspberries'}),0.0625,0.0238,0.00585,0.0936,3.9327731092436973,1.0,0.0043625,1.077007943512798,0.7954415954415954,0.07271597265382225,0.07150174144642492,0.16969915966386553
frozenset({'Raspberries'}),frozenset({'Strawberries'}),0.0238,0.0625,0.00585,0.24579831932773108,3.9327731092436973,1.0,0.0043625,1.2430362116991645,0.7639074940857363,0.07271597265382225,0.19551820728291316,0.16969915966386553
"frozenset({'Organic Hass Avocado', 'Bag of Organic Bananas'})",frozenset({'Organic Raspberries'}),0.0261,0.05995,0.00555,0.21264367816091953,3.547017150307248,1.0,0.003985305,1.1939321167883212,0.7373169452438371,0.06894409937888199,0.16243144317953248,0.15261041289196936
"frozenset({'Organic Hass Avocado', 'Organic Raspberries'})",frozenset({'Bag of Organic Bananas'}),0.0116,0.16505,0.00555,0.478448275862069,2.898808093681121,1.0,0.0036354200000000003,1.600895867768595,0.6627181613017308,0.032437171244886036,0.3753497525146045,0.256037224874385
"frozenset({'Bag of Organic Bananas', 'Organic Raspberries'})",frozenset({'Organic Hass Avocado'}),0.0184,0.0919,0.00555,0.3016304347826087,3.2821592468183756,1.0,0.00385904,1.3003143968871596,0.7083562780384296,0.05298329355608592,0.23095521945007016,0.1810110824620334
frozenset({'Organic Hass Avocado'}),"frozenset({'Bag of Organic Bananas', 'Organic Raspberries'})",0.0919,0.0184,0.00555,0.060391730141458114,3.282159246818376,1.0,0.00385904,1.044690677475391,0.7656893761948271,0.05298329355608592,0.042778861187304514,0.1810110824620334
frozenset({'Bag of Organic Bananas'}),"frozenset({'Organic Hass Avocado', 'Organic Raspberries'})",0.16505,0.0116,0.00555,0.033626173886701,2.898808093681121,1.0,0.0036354200000000003,1.0227926018808777,0.7845147980485426,0.032437171244886036,0.02228467612980676,0.256037224874385
frozenset({'Organic Raspberries'}),"frozenset({'Organic Hass Avocado', 'Bag of Organic Bananas'})",0.05995,0.0261,0.00555,0.09257714762301918,3.547017150307248,1.0,0.003985305,1.0732592830882353,0.7638667868442879,0.06894409937888199,0.06825869968479226,0.15261041289196936
"frozenset({'Organic Hass Avocado', 'Bag of Organic Bananas'})",frozenset({'Organic Strawberries'}),0.0261,0.1097,0.0057,0.21839080459770113,1.9908004065423985,1.0,0.00283683,1.1390602941176469,0.5110272858447588,0.04381245196003075,0.12208334785768969,0.13517534760422886
"frozenset({'Organic Hass Avocado', 'Organic Strawberries'})",frozenset({'Bag of Organic Bananas'}),0.01745,0.16505,0.0057,0.32664756446991405,1.9790824869428298,1.0,0.0028198775000000003,1.239989574468085,0.5035014512006443,0.03223981900452489,0.19354160664700168,0.18059127693353322
"frozenset({'Bag of Organic Bananas', 'Organic Strawberries'})",frozenset({'Organic Hass Avocado'}),0.0256,0.0919,0.0057,0.22265625,2.422810119695321,1.0,0.00334736,1.1682090452261307,0.602684873102296,0.050983899821109124,0.1439888228168704,0.14234009453210011
frozenset({'Organic Hass Avocado'}),"frozenset({'Bag of Organic Bananas', 'Organic Strawberries'})",0.0919,0.0256,0.0057,0.06202393906420022,2.422810119695321,1.0,0.00334736,1.038832482598608,0.646686642826646,0.050983899821109124,0.03738088984421204,0.14234009453210011
frozenset({'Bag of Organic Bananas'}),"frozenset({'Organic Hass Avocado', 'Organic Strawberries'})",0.16505,0.01745,0.0057,0.034534989397152376,1.9790824869428296,1.0,0.0028198775000000003,1.0176961248823346,0.5925089536824877,0.03223981900452489,0.01738841727866508,0.18059127693353322
frozenset({'Organic Strawberries'}),"frozenset({'Organic Hass Avocado', 'Bag of Organic Bananas'})",0.1097,0.0261,0.0057,0.05195989061075661,1.9908004065423985,1.0,0.00283683,1.0272772115384614,0.5590132244010002,0.04381245196003075,0.02655292187160551,0.13517534760422886
